performer,event_id,date,end_date,venue,location,ticket_url,sold_out,source_url,source_platform,scraped_at
James Austin Johnson,4547a7817a79e3e2f66bc6a9,2026-09-10T00:00:00+00:00,,BankNH Pavilion,"Gilford, NH",https://www.ticketmaster.com/john-mulaney-with-guests-fred-armisen-gilford-new-hampshire-09-10-2026/event/01006375908EA429?utm_medium=affiliate&utm_source=5128861-Google%20Events&source=ea,,https://linktr.ee/jajcenter,linktree,2026-09-06T17:37:19.813129+00:00
James Austin Johnson,e1917543950cd671735c8f4d,2026-09-11T00:00:00+00:00,,Great Outdoors Comedy Festival,"Mississauga, CA",https://www.tixr.com/groups/gocf/events/great-outdoors-comedy-festival-2026-mississauga-164525?sort=RECOMMENDED&COL=17341&A=L&_gl=1*3d99qr*_gcl_au*MTQ1MTgyOTkyMy4xNzg3MTU4MzI5*_ga*MTA4ODEzMDA2MS4xNzg3MTU4MzI5*_ga_G6GYZCP8SS*czE3ODcxNTgzMjkkbzEkZzAkdDE3ODcxNTgzMjkkajYwJGwwJGgyMDg4MTc0NDk0,,https://linktr.ee/jajcenter,linktree,2026-09-06T17:37:19.813129+00:00
Emil Wakim,7e4065c995996a4662e53739,2026-09-11T00:00:00+00:00,,,Brooklyn,https://www.eventbrite.com/e/emil-wakim-tickets-1998162424601?aff=odwdwdspacecraft,,https://linktr.ee/emilwakim,linktree,2026-09-06T17:37:20.841989+00:00
James Austin Johnson,b73662fd0f39e174243833e1,2026-09-12T00:00:00+00:00,,Acrisure Amphitheater,"Grand Rapids, MI",https://www.acrisureamphitheater.com/events/2026/john-mulaney,,https://linktr.ee/jajcenter,linktree,2026-09-06T17:37:19.813129+00:00
Emil Wakim,c3d3ba28a10434ae0e0ab1a9,2026-09-12T00:00:00+00:00,,,Brooklyn,https://www.eventbrite.com/e/emil-wakim-tickets-1998162647267?aff=odwdwdspacecraft,,https://linktr.ee/emilwakim,linktree,2026-09-06T17:37:20.841989+00:00
Emil Wakim,979b5cbb01ad77d61e8eb949,2026-09-12T00:00:00+00:00,,,Brooklyn,https://www.eventbrite.com/e/emil-wakim-tickets-1998162571039?aff=odwdwdspacecraft,,https://linktr.ee/emilwakim,linktree,2026-09-06T17:37:20.841989+00:00
Emil Wakim,014e3fdbaa99549ad0c047f0,2026-09-16T00:00:00+00:00,,,West Nyack,https://levitylive.com/nyack/comic/emil+wakim,,https://linktr.ee/emilwakim,linktree,2026-09-06T17:37:20.841989+00:00
Emil Wakim,bdb1b4b25c306a050e17e6e3,2026-09-17T00:00:00+00:00,2026-09-19T00:00:00+00:00,,"Grand Rapids, MI",https://www.etix.com/ticket/mvc/online/upcomingEvents/venue?venue_id=35455&orderBy=1&pageNumber=2,,https://linktr.ee/emilwakim,linktree,2026-09-06T17:37:20.841989+00:00
Tommy Brennan,bb50522d-a069-4272-a3b3-73b48b0ace3e,2026-09-18T20:00:00,,Front Street Taproom,"Fargo, ND",https://www.tickettailor.com/events/frontstreettaproom/2213965,True,https://punchup.live/tommybrennan,punchup,2026-09-06T17:37:21.027264+00:00
Tommy Brennan,5dbe39f0-72d5-4227-b7fe-47e0bee0b863,2026-09-19T19:00:00,,Front Street Taproom,"Fargo, ND",https://www.tickettailor.com/events/frontstreettaproom/2213965,True,https://punchup.live/tommybrennan,punchup,2026-09-06T17:37:21.027264+00:00
Tommy Brennan,7c14dd84-cbd1-4c31-8b4c-a0e2247a550b,2026-09-19T21:30:00,,Front Street Taproom,"Fargo, ND",https://www.tickettailor.com/events/frontstreettaproom/2213965,True,https://punchup.live/tommybrennan,punchup,2026-09-06T17:37:21.027264+00:00
Michael Longfellow,108379995,2026-09-25T19:00:00.000Z,,The Comedy Catch at The Choo Choo,"Chattanooga, United States",https://www.bandsintown.com/t/108379995?app_id=komi_0015519465&came_from=267&utm_medium=api&utm_source=public_api&utm_campaign=ticket,,https://michaellongfellow.komi.io/,bandsintown,2026-09-06T17:37:18.089837+00:00
Michael Longfellow,108379999,2026-09-26T19:00:00.000Z,,The Comedy Catch at The Choo Choo,"Chattanooga, United States",https://www.bandsintown.com/t/108379999?app_id=komi_0015519465&came_from=267&utm_medium=api&utm_source=public_api&utm_campaign=ticket,,https://michaellongfellow.komi.io/,bandsintown,2026-09-06T17:37:18.089869+00:00
Michael Longfellow,108380048,2026-10-01T20:00:00.000Z,,The Port Comedy Club,"Baltimore, United States",https://www.bandsintown.com/t/108380048?app_id=komi_0015519465&came_from=267&utm_medium=api&utm_source=public_api&utm_campaign=ticket,,https://michaellongfellow.komi.io/,bandsintown,2026-09-06T17:37:18.089882+00:00
Emil Wakim,66437ad2c932753a65c812d2,2026-10-02T00:00:00+00:00,2026-10-03T00:00:00+00:00,,"Rosemont, IL",https://www.etix.com/ticket/e/1058554/2026-emil-wakim-rosemont-zanies-rosemont,,https://linktr.ee/emilwakim,linktree,2026-09-06T17:37:20.841989+00:00
Michael Longfellow,108380071,2026-10-02T19:30:00.000Z,,The Port Comedy Club,"Baltimore, United States",https://www.bandsintown.com/t/108380071?app_id=komi_0015519465&came_from=267&utm_medium=api&utm_source=public_api&utm_campaign=ticket,,https://michaellongfellow.komi.io/,bandsintown,2026-09-06T17:37:18.089891+00:00
Michael Longfellow,108380076,2026-10-03T19:00:00.000Z,,The Port Comedy Club,"Baltimore, United States",https://www.bandsintown.com/t/108380076?app_id=komi_0015519465&came_from=267&utm_medium=api&utm_source=public_api&utm_campaign=ticket,,https://michaellongfellow.komi.io/,bandsintown,2026-09-06T17:37:18.089900+00:00
Emil Wakim,0d5d91624290a2f4d50e66db,2026-10-04T00:00:00+00:00,2026-10-06T00:00:00+00:00,,Chicago,https://www.etix.com/ticket/e/1058552/2026-emil-wakim-chicago-zanies-chicago,,https://linktr.ee/emilwakim,linktree,2026-09-06T17:37:20.841989+00:00
Michael Longfellow,108380081,2026-10-04T20:00:00.000Z,,The Port Comedy Club,"Baltimore, United States",https://www.bandsintown.com/t/108380081?app_id=komi_0015519465&came_from=267&utm_medium=api&utm_source=public_api&utm_campaign=ticket,,https://michaellongfellow.komi.io/,bandsintown,2026-09-06T17:37:18.089907+00:00
Emil Wakim,e48a5b1aa0dd0c4e6862dc7c,2026-10-07T00:00:00+00:00,,,"Madison, WI",https://www.madisoncomedy.com/event/emilwalkim,,https://linktr.ee/emilwakim,linktree,2026-09-06T17:37:20.841989+00:00
Emil Wakim,c37ed1b825b70ba045ddd659,2026-10-09T00:00:00+00:00,2026-10-10T00:00:00+00:00,,San Francisco,https://www.ticketmaster.com/emil-wakim-tickets/artist/3313224?venueId=229877,,https://linktr.ee/emilwakim,linktree,2026-09-06T17:37:20.841989+00:00
Emil Wakim,5b3a2057e9c9394b3af33908,2026-10-11T00:00:00+00:00,,,Vancouver,https://admitone.com/events/vancouver/pro/other/biltmore-cabaret/emil-wakim/emil-wakim/69fe309207c7a21ac04e50ab,,https://linktr.ee/emilwakim,linktree,2026-09-06T17:37:20.841989+00:00
Emil Wakim,d11d8123672f2f04fe8a8fae,2026-10-15T00:00:00+00:00,2026-10-17T00:00:00+00:00,,Baltimore,https://portcomedy.com/comedians/emil-wakim-2,,https://linktr.ee/emilwakim,linktree,2026-09-06T17:37:20.841989+00:00
Michael Longfellow,108380265,2026-10-16T19:00:00.000Z,,The Comedy Zone Greenville,"Greenville, United States",https://www.bandsintown.com/t/108380265?app_id=komi_0015519465&came_from=267&utm_medium=api&utm_source=public_api&utm_campaign=ticket,,https://michaellongfellow.komi.io/,bandsintown,2026-09-06T17:37:18.089915+00:00
Michael Longfellow,108380268,2026-10-17T18:00:00.000Z,,The Comedy Zone Greenville,"Greenville, United States",https://www.bandsintown.com/t/108380268?app_id=komi_0015519465&came_from=267&utm_medium=api&utm_source=public_api&utm_campaign=ticket,,https://michaellongfellow.komi.io/,bandsintown,2026-09-06T17:37:18.089922+00:00
Emil Wakim,1c237dbbedca30aba15349da,2026-10-18T00:00:00+00:00,,,"Royal Oak, MI",https://www.comedycastle.com/events/category/series/emil-wakim/mark-ridleys-comedy-castle/royal-oak,,https://linktr.ee/emilwakim,linktree,2026-09-06T17:37:20.841989+00:00
James Austin Johnson,36ab85977ff80753a9bf9deb,2026-10-21T00:00:00+00:00,,Rams Head On Stage,"Annapolis, MD",https://www.axs.com/events/1439009/comedian-james-austin-johnson-of-snl-tickets?skin=ramsheadonstage,,https://linktr.ee/jajcenter,linktree,2026-09-06T17:37:19.813129+00:00
Tommy Brennan,f8cf3f2f-d1f9-4ab8-ba4a-c50b5bdc0a95,2026-10-21T20:00:00,,"Sesh Comedy, Chrystie","New York, NY",https://seshcomedy.com/event-detail.php?id=I4XWPYT7CGL5KBXNFGUFXKZI,True,https://punchup.live/tommybrennan,punchup,2026-09-06T17:37:21.027264+00:00
Emil Wakim,02ec59435b3249dd2611155d,2026-10-22T00:00:00+00:00,2026-10-24T00:00:00+00:00,,"Bloomington, IN",https://www.comedyattic.com/events/137807,,https://linktr.ee/emilwakim,linktree,2026-09-06T17:37:20.841989+00:00
Tommy Brennan,57236f0b-55c7-4936-91c6-1020667371cd,2026-10-22T19:00:00,,Comedy on State-WI,"Madison, WI",https://www.madisoncomedy.com/event/tommy-brennan/2026-10-22/,False,https://punchup.live/tommybrennan,punchup,2026-09-06T17:37:21.027264+00:00
Tommy Brennan,7f4a7438-dd8a-4446-b799-70fd117d59fd,2026-10-23T19:00:00,,Comedy on State-WI,"Madison, WI",https://www.madisoncomedy.com/event/tommy-brennan/2026-10-22/,False,https://punchup.live/tommybrennan,punchup,2026-09-06T17:37:21.027264+00:00
Tommy Brennan,f11e055c-8f98-46f6-a91b-d034c95b8f71,2026-10-23T21:30:00,,Comedy on State-WI,"Madison, WI",https://www.madisoncomedy.com/event/tommy-brennan/2026-10-22/,False,https://punchup.live/tommybrennan,punchup,2026-09-06T17:37:21.027264+00:00
Tommy Brennan,fe3053d3-a55c-45eb-b972-db409e5989c6,2026-10-24T19:00:00,,Comedy on State-WI,"Madison, WI",https://www.madisoncomedy.com/event/tommy-brennan/2026-10-22/,False,https://punchup.live/tommybrennan,punchup,2026-09-06T17:37:21.027264+00:00
Tommy Brennan,9855b1df-7e45-4f59-83ab-8bef457e6251,2026-10-24T21:30:00,,Comedy on State-WI,"Madison, WI",https://www.madisoncomedy.com/event/tommy-brennan/2026-10-22/,False,https://punchup.live/tommybrennan,punchup,2026-09-06T17:37:21.027264+00:00
Sarah Sherman,bcd22642-08e4-4517-9b65-acb8577f9daf,2026-11-08T00:00:00+00:00,,NY Comedy Festival with Patti Harrison,Town Hall,,False,https://sarahsquirm.komi.io/,komi,2026-09-06T17:37:17.265414+00:00
Michael Longfellow,1037709802,2026-11-12T19:30:00.000Z,,Dallas Comedy Club,"Dallas, United States",https://www.bandsintown.com/t/1037709802?app_id=komi_0015519465&came_from=267&utm_medium=api&utm_source=public_api&utm_campaign=ticket,,https://michaellongfellow.komi.io/,bandsintown,2026-09-06T17:37:18.089929+00:00
Michael Longfellow,1037709887,2026-11-13T19:30:00.000Z,,Dallas Comedy Club,"Dallas, United States",https://www.bandsintown.com/t/1037709887?app_id=komi_0015519465&came_from=267&utm_medium=api&utm_source=public_api&utm_campaign=ticket,,https://michaellongfellow.komi.io/,bandsintown,2026-09-06T17:37:18.089936+00:00
Michael Longfellow,1037709867,2026-11-14T21:30:00.000Z,,Dallas Comedy Club,"Dallas, United States",https://www.bandsintown.com/t/1037709867?app_id=komi_0015519465&came_from=267&utm_medium=api&utm_source=public_api&utm_campaign=ticket,,https://michaellongfellow.komi.io/,bandsintown,2026-09-06T17:37:18.089943+00:00
Tommy Brennan,871dbbcd-eccd-4ee3-a7a9-9c67f50973da,2026-11-20T19:00:00,,The Comedy Attic,"Bloomington, IN",https://www.comedyattic.com/events/141001,False,https://punchup.live/tommybrennan,punchup,2026-09-06T17:37:21.027264+00:00
Tommy Brennan,f66422e2-c672-49d1-acac-e74e1a95fd68,2026-11-20T21:15:00,,The Comedy Attic,"Bloomington, IN",https://www.comedyattic.com/events/141001,False,https://punchup.live/tommybrennan,punchup,2026-09-06T17:37:21.027264+00:00
Tommy Brennan,54e2110e-b655-4062-a4d1-bdaf8db68ab1,2026-11-21T19:00:00,,The Comedy Attic,"Bloomington, IN",https://www.comedyattic.com/events/141001,False,https://punchup.live/tommybrennan,punchup,2026-09-06T17:37:21.027264+00:00
Tommy Brennan,ef995c49-8a9c-429d-8d29-8fa8f1f5a8a4,2026-11-21T21:15:00,,The Comedy Attic,"Bloomington, IN",https://www.comedyattic.com/events/141001,False,https://punchup.live/tommybrennan,punchup,2026-09-06T17:37:21.027264+00:00
Michael Longfellow,108588065,2026-11-30T19:30:00.000Z,,The Bend Theater,"West Bend, United States",https://www.bandsintown.com/t/108588065?app_id=komi_0015519465&came_from=267&utm_medium=api&utm_source=public_api&utm_campaign=ticket,,https://michaellongfellow.komi.io/,bandsintown,2026-09-06T17:37:18.089951+00:00
Michael Longfellow,108588062,2027-01-29T19:30:00.000Z,,The Bend Theater,"West Bend, United States",https://www.bandsintown.com/t/108588062?app_id=komi_0015519465&came_from=267&utm_medium=api&utm_source=public_api&utm_campaign=ticket,,https://michaellongfellow.komi.io/,bandsintown,2026-09-06T17:37:18.089957+00:00
Michael Longfellow,1040121094,2027-05-20T19:30:00.000Z,,Laugh Out Loud Comedy Club,"San Antonio, United States",https://www.bandsintown.com/t/1040121094?app_id=komi_0015519465&came_from=267&utm_medium=api&utm_source=public_api&utm_campaign=ticket,,https://michaellongfellow.komi.io/,bandsintown,2026-09-06T17:37:18.089965+00:00
